[
    
    {
        "name": "M5Camv0.02",
        "version": "v0.02-M5cam",
        "path": "M5Flow\\v0.02-M5cam",
        "commands": [
            "--chip esp32 --port %port --baud %baud write_flash -z 0x1000 %PATH\\bootloader_0x1000.bin 0x8000 %PATH\\partitions_singleapp_0x8000.bin 0x10000 %PATH\\esp32-cam-demo_0x10000.bin"
        ]
    },
    {
        "name": "M5Cam-psram",
        "version": "M5Cam-psram",
        "path": "M5Flow\\M5Cam-psram",
        "commands": [
            "--chip esp32 --port %port --baud %baud write_flash -z 0x1000 %PATH\\bootloader.bin 0x8000 %PATH\\partitions_singleapp.bin 0x10000 %PATH\\camera.bin"
        ]
    },
    {
        "name": "M5Flow-v1.1.2-en",
        "version": "v1.1.2-en",
        "path": "M5Flow\\v1.1.2-en",
        "commands": [
            "--chip esp32 --port %port --baud %baud write_flash -z 0x1000 %PATH\\bootloader.bin 0xf000 %PATH\\phy_init_data.bin 0x10000 %PATH\\MicroPython.bin 0x8000 %PATH\\partitions_mpy.bin",
            "--chip esp32 --port %port --baud %baud --before default_reset --after no_reset write_flash -z --flash_freq 40m 0x170000 %PATH\\spiffs_image_0x170000.img"
        ]
    },
    {
        "name": "M5Flow-v1.1.2-cn",
        "version": "v1.1.2-cn",
        "path": "M5Flow\\v1.1.2-cn",
        "commands": [
            "--chip esp32 --port %port --baud %baud write_flash -z 0x1000 %PATH\\bootloader.bin 0xf000 %PATH\\phy_init_data.bin 0x10000 %PATH\\MicroPython.bin 0x8000 %PATH\\partitions_mpy.bin",
            "--chip esp32 --port %port --baud %baud --before default_reset --after no_reset write_flash -z --flash_freq 40m 0x170000 %PATH\\spiffs_image_0x170000.img"
        ]
    },
    {
        "name": "M5Flow-v1.1.2-stick",
        "version": "v1.1.2-stick",
        "path": "M5Flow\\v1.1.2-stick",
        "commands": [
            "--chip esp32 --port %port --baud %baud write_flash -z 0x1000 %PATH\\bootloader.bin 0xf000 %PATH\\phy_init_data.bin 0x10000 %PATH\\MicroPython.bin 0x8000 %PATH\\partitions_mpy.bin",
            "--chip esp32 --port %port --baud %baud --before default_reset --after no_reset write_flash -z --flash_freq 40m 0x170000 %PATH\\spiffs_image_0x170000.img"
        ]
    },
    {
        "name": "M5Flow-v1.2.0-en",
        "version": "v1.2.0-en",
        "path": "M5Flow\\v1.2.0-en",
        "commands": [
            "--chip esp32 --port %port --baud %baud write_flash -z 0x1000 %PATH\\bootloader.bin 0xf000 %PATH\\phy_init_data.bin 0x10000 %PATH\\MicroPython.bin 0x8000 %PATH\\partitions_mpy.bin",
            "--chip esp32 --port %port --baud %baud --before default_reset --after no_reset write_flash -z --flash_freq 40m 0x170000 %PATH\\spiffs_image_0x170000.img"
        ]
    },
    {
        "name": "M5Flow-v1.2.0-cn",
        "version": "v1.2.0-cn",
        "path": "M5Flow\\v1.2.0-cn",
        "commands": [
            "--chip esp32 --port %port --baud %baud write_flash -z 0x1000 %PATH\\bootloader.bin 0xf000 %PATH\\phy_init_data.bin 0x10000 %PATH\\MicroPython.bin 0x8000 %PATH\\partitions_mpy.bin",
            "--chip esp32 --port %port --baud %baud --before default_reset --after no_reset write_flash -z --flash_freq 40m 0x170000 %PATH\\spiffs_image_0x170000.img"
        ]
    },
    {
        "name": "M5Flow-v1.2.0-stick",
        "version": "v1.2.0-stick",
        "path": "M5Flow\\v1.2.0-stick",
        "commands": [
            "--chip esp32 --port %port --baud %baud write_flash -z 0x1000 %PATH\\bootloader.bin 0xf000 %PATH\\phy_init_data.bin 0x10000 %PATH\\MicroPython.bin 0x8000 %PATH\\partitions_mpy.bin",
            "--chip esp32 --port %port --baud %baud --before default_reset --after no_reset write_flash -z --flash_freq 40m 0x170000 %PATH\\spiffs_image_0x170000.img"
        ]
    },
    {
        "name": "M5Flow-v1.2.1-en",
        "version": "v1.2.1-en",
        "path": "M5Flow\\v1.2.1-en",
        "commands": [
            "--chip esp32 --port %port --baud %baud write_flash -z 0x1000 %PATH\\bootloader.bin 0xf000 %PATH\\phy_init_data.bin 0x10000 %PATH\\MicroPython.bin 0x8000 %PATH\\partitions_mpy.bin",
            "--chip esp32 --port %port --baud %baud --before default_reset --after no_reset write_flash -z --flash_freq 40m 0x170000 %PATH\\spiffs_image_0x170000.img"
        ]
    },
    {
        "name": "M5Flow-v1.2.1-cn",
        "version": "v1.2.1-cn",
        "path": "M5Flow\\v1.2.1-cn",
        "commands": [
            "--chip esp32 --port %port --baud %baud write_flash -z 0x1000 %PATH\\bootloader.bin 0xf000 %PATH\\phy_init_data.bin 0x10000 %PATH\\MicroPython.bin 0x8000 %PATH\\partitions_mpy.bin",
            "--chip esp32 --port %port --baud %baud --before default_reset --after no_reset write_flash -z --flash_freq 40m 0x170000 %PATH\\spiffs_image_0x170000.img"
        ]
    },
    {
        "name": "M5Flow-v1.2.1-stick",
        "version": "v1.2.1-stick",
        "path": "M5Flow\\v1.2.1-stick",
        "commands": [
            "--chip esp32 --port %port --baud %baud write_flash -z 0x1000 %PATH\\bootloader.bin 0xf000 %PATH\\phy_init_data.bin 0x10000 %PATH\\MicroPython.bin 0x8000 %PATH\\partitions_mpy.bin",
            "--chip esp32 --port %port --baud %baud --before default_reset --after no_reset write_flash -z --flash_freq 40m 0x170000 %PATH\\spiffs_image_0x170000.img"
        ]
    }
]
